                           ,Secure_Rate ,Secured_Tactics_distribution                                                                                                                                                                                                                      ,Secured_TTPs_among_APT_GROUP_USED_TTPs
admin@338 (G0018)          ,9/12        ,"Counter({'discovery': 7, 'execution': 1, 'initial-access': 1})"                                                                                                                                                                                  ,"{'T1087.001', 'T1007', 'T1059.003', 'T1082', 'T1049', 'T1069.001', 'T1083', 'T1016', 'T1566.001'}"
Ajax Security Team (G0130) ,4/6         ,"Counter({'command-and-control': 1, 'credential-access': 1, 'initial-access': 1, 'multiple': 1})"                                                                                                                                                 ,"{'T1555.003', 'T1056.001', 'T1105', 'T1566.001'}"
APT-C-36 (G0099)           ,5/9         ,"Counter({'command-and-control': 1, 'defense-evasion': 1, 'execution': 1, 'initial-access': 1, 'multiple': 1})"                                                                                                                                   ,"{'T1053.005', 'T1059.005', 'T1027', 'T1105', 'T1566.001'}"
APT1 (G0006)               ,12/23       ,"Counter({'discovery': 6, 'collection': 2, 'credential-access': 1, 'execution': 1, 'initial-access': 1, 'lateral-movement': 1})"                                                                                                                  ,"{'T1087.001', 'T1021.001', 'T1003.001', 'T1135', 'T1007', 'T1059.003', 'T1049', 'T1005', 'T1016', 'T1057', 'T1119', 'T1566.001'}"
ALLANITE (G1000)           ,0/4         ,Counter()                                                                                                                                                                                                                                         ,set()
Andariel (G0138)           ,5/12        ,"Counter({'discovery': 2, 'collection': 1, 'command-and-control': 1, 'initial-access': 1})"                                                                                                                                                       ,"{'T1049', 'T1005', 'T1057', 'T1105', 'T1566.001'}"
Aoqin Dragon (G1007)       ,1/9         ,Counter({'discovery': 1})                                                                                                                                                                                                                         ,{'T1083'}
APT12 (G0005)              ,1/5         ,Counter({'initial-access': 1})                                                                                                                                                                                                                    ,{'T1566.001'}
APT16 (G0023)              ,0/1         ,Counter()                                                                                                                                                                                                                                         ,set()
APT17 (G0025)              ,0/2         ,Counter()                                                                                                                                                                                                                                         ,set()
APT29 (G0016)              ,36/116      ,"Counter({'defense-evasion': 9, 'discovery': 5, 'credential-access': 5, 'multiple': 5, 'execution': 4, 'command-and-control': 3, 'lateral-movement': 2, 'collection': 1, 'initial-access': 1, 'privilege-escalation': 1})"                        ,"{'T1547.001', 'T1078.003', 'T1021.001', 'T1105', 'T1649', 'T1059.001', 'T1087.002', 'T1053.005', 'T1005', 'T1057', 'T1070.004', 'T1133', 'T1566.001', 'T1562.002', 'T1082', 'T1021.002', 'T1555', 'T1562.001', 'T1027.006', 'T1070', 'T1070.008', 'T1562.004', 'T1482', 'T1555.003', 'T1548.002', 'T1059.005', 'T1036', 'T1047', 'T1003.002', 'T1059.003', 'T1546.003', 'T1083', 'T1090.001', 'T1553.005', 'T1071.001', 'T1552.004'}"
APT3 (G0022)               ,25/43       ,"Counter({'discovery': 7, 'multiple': 4, 'collection': 2, 'execution': 2, 'credential-access': 2, 'defense-evasion': 2, 'lateral-movement': 2, 'persistence': 2, 'command-and-control': 1, 'exfiltration': 1})"                                   ,"{'T1547.001', 'T1021.001', 'T1059.001', 'T1543.003', 'T1005', 'T1053.005', 'T1057', 'T1070.004', 'T1098', 'T1041', 'T1003.001', 'T1136.001', 'T1082', 'T1074.001', 'T1033', 'T1027', 'T1021.002', 'T1087.001', 'T1555.003', 'T1016', 'T1056.001', 'T1059.003', 'T1049', 'T1083', 'T1105'}"
APT30 (G0013)              ,1/2         ,Counter({'initial-access': 1})                                                                                                                                                                                                                    ,{'T1566.001'}
APT18 (G0026)              ,10/12       ,"Counter({'command-and-control': 3, 'defense-evasion': 2, 'discovery': 2, 'multiple': 2, 'execution': 1})"                                                                                                                                        ,"{'T1547.001', 'T1059.003', 'T1082', 'T1133', 'T1071.004', 'T1083', 'T1027', 'T1071.001', 'T1070.004', 'T1105'}"
APT19 (G0073)              ,11/21       ,"Counter({'discovery': 3, 'command-and-control': 2, 'defense-evasion': 2, 'multiple': 2, 'execution': 1, 'initial-access': 1})"                                                                                                                   ,"{'T1547.001', 'T1059.001', 'T1112', 'T1082', 'T1132.001', 'T1543.003', 'T1016', 'T1027', 'T1071.001', 'T1033', 'T1566.001'}"
APT28 (G0007)              ,25/86       ,"Counter({'collection': 5, 'defense-evasion': 4, 'multiple': 4, 'discovery': 3, 'credential-access': 3, 'execution': 2, 'command-and-control': 2, 'initial-access': 1, 'lateral-movement': 1})"                                                   ,"{'T1547.001', 'T1105', 'T1059.001', 'T1005', 'T1057', 'T1070.004', 'T1133', 'T1566.001', 'T1560', 'T1003.001', 'T1120', 'T1074.001', 'T1546.015', 'T1027', 'T1021.002', 'T1003', 'T1070.001', 'T1003.003', 'T1036', 'T1113', 'T1056.001', 'T1059.003', 'T1083', 'T1071.001', 'T1119'}"
APT32 (G0050)              ,35/78       ,"Counter({'discovery': 9, 'defense-evasion': 6, 'multiple': 6, 'execution': 4, 'credential-access': 3, 'command-and-control': 2, 'exfiltration': 2, 'collection': 1, 'initial-access': 1, 'lateral-movement': 1})"                                ,"{'T1547.001', 'T1078.003', 'T1135', 'T1059.001', 'T1112', 'T1543.003', 'T1053.005', 'T1070.004', 'T1036.003', 'T1566.001', 'T1041', 'T1560', 'T1003.001', 'T1082', 'T1033', 'T1027', 'T1021.002', 'T1087.001', 'T1003', 'T1552.002', 'T1070.001', 'T1048.003', 'T1016', 'T1059.005', 'T1036', 'T1056.001', 'T1047', 'T1012', 'T1055', 'T1059.003', 'T1049', 'T1083', 'T1046', 'T1071.001', 'T1105'}"
APT33 (G0064)              ,14/31       ,"Counter({'command-and-control': 3, 'credential-access': 3, 'multiple': 3, 'execution': 2, 'defense-evasion': 1, 'exfiltration': 1, 'initial-access': 1})"                                                                                        ,"{'T1547.001', 'T1555', 'T1003.001', 'T1059.001', 'T1555.003', 'T1048.003', 'T1132.001', 'T1053.005', 'T1546.003', 'T1059.005', 'T1027', 'T1071.001', 'T1105', 'T1566.001'}"
APT37 (G0067)              ,17/29       ,"Counter({'discovery': 4, 'execution': 3, 'multiple': 3, 'command-and-control': 2, 'collection': 1, 'credential-access': 1, 'defense-evasion': 1, 'initial-access': 1, 'privilege-escalation': 1})"                                               ,"{'T1547.001', 'T1055', 'T1120', 'T1082', 'T1059.003', 'T1555.003', 'T1548.002', 'T1053.005', 'T1005', 'T1106', 'T1059.005', 'T1057', 'T1027', 'T1071.001', 'T1033', 'T1105', 'T1566.001'}"
APT38 (G0082)              ,23/43       ,"Counter({'discovery': 7, 'execution': 4, 'defense-evasion': 4, 'multiple': 3, 'collection': 2, 'command-and-control': 2, 'initial-access': 1})"                                                                                                  ,"{'T1135', 'T1059.001', 'T1112', 'T1543.003', 'T1005', 'T1106', 'T1053.005', 'T1057', 'T1070.004', 'T1566.001', 'T1082', 'T1033', 'T1562.004', 'T1070.001', 'T1059.005', 'T1115', 'T1056.001', 'T1059.003', 'T1518.001', 'T1049', 'T1083', 'T1071.001', 'T1105'}"
APT39 (G0087)              ,30/52       ,"Counter({'discovery': 5, 'multiple': 5, 'collection': 4, 'command-and-control': 4, 'credential-access': 3, 'execution': 2, 'defense-evasion': 2, 'lateral-movement': 2, 'exfiltration': 1, 'initial-access': 1, 'persistence': 1})"              ,"{'T1547.001', 'T1021.001', 'T1135', 'T1059.001', 'T1053.005', 'T1005', 'T1070.004', 'T1566.001', 'T1197', 'T1547.009', 'T1041', 'T1003.001', 'T1136.001', 'T1074.001', 'T1033', 'T1027', 'T1021.002', 'T1555', 'T1003', 'T1059.005', 'T1115', 'T1113', 'T1056.001', 'T1012', 'T1071.004', 'T1083', 'T1046', 'T1090.001', 'T1071.001', 'T1105'}"
APT41 (G0096)              ,37/76       ,"Counter({'discovery': 7, 'multiple': 7, 'defense-evasion': 5, 'execution': 3, 'command-and-control': 3, 'collection': 2, 'credential-access': 2, 'exfiltration': 2, 'lateral-movement': 2, 'persistence': 2, 'impact': 1, 'initial-access': 1})" ,"{'T1547.001', 'T1021.001', 'T1135', 'T1112', 'T1059.001', 'T1543.003', 'T1005', 'T1053.005', 'T1070.004', 'T1133', 'T1098', 'T1197', 'T1041', 'T1566.001', 'T1003.001', 'T1136.001', 'T1082', 'T1070.003', 'T1074.001', 'T1027', 'T1033', 'T1021.002', 'T1070.001', 'T1048.003', 'T1016', 'T1056.001', 'T1047', 'T1003.002', 'T1055', 'T1496', 'T1059.003', 'T1049', 'T1071.004', 'T1083', 'T1046', 'T1071.001', 'T1105'}"
Aquatic Panda (G0143)      ,9/15        ,"Counter({'discovery': 3, 'execution': 2, 'defense-evasion': 2, 'command-and-control': 1, 'credential-access': 1})"                                                                                                                               ,"{'T1562.001', 'T1003.001', 'T1059.001', 'T1007', 'T1059.003', 'T1082', 'T1518.001', 'T1070.004', 'T1105'}"
Axiom (G0001)              ,4/16        ,"Counter({'collection': 2, 'credential-access': 1, 'lateral-movement': 1})"                                                                                                                                                                       ,"{'T1021.001', 'T1003', 'T1005', 'T1560'}"
BackdoorDiplomacy (G0135)  ,7/15        ,"Counter({'discovery': 3, 'collection': 1, 'command-and-control': 1, 'defense-evasion': 1, 'multiple': 1})"                                                                                                                                       ,"{'T1055.001', 'T1120', 'T1049', 'T1074.001', 'T1046', 'T1027', 'T1105'}"
BITTER (G1002)             ,5/16        ,"Counter({'command-and-control': 2, 'defense-evasion': 1, 'initial-access': 1, 'multiple': 1})"                                                                                                                                                   ,"{'T1053.005', 'T1027', 'T1071.001', 'T1105', 'T1566.001'}"
BlackOasis (G0063)         ,1/1         ,Counter({'defense-evasion': 1})                                                                                                                                                                                                                   ,{'T1027'}
BlackTech (G0098)          ,3/14        ,"Counter({'discovery': 1, 'execution': 1, 'initial-access': 1})"                                                                                                                                                                                  ,"{'T1046', 'T1566.001', 'T1106'}"
Blue Mockingbird (G0108)   ,14/22       ,"Counter({'multiple': 4, 'execution': 3, 'defense-evasion': 2, 'lateral-movement': 2, 'credential-access': 1, 'discovery': 1, 'impact': 1})"                                                                                                      ,"{'T1574.012', 'T1047', 'T1021.001', 'T1003.001', 'T1496', 'T1112', 'T1059.001', 'T1059.003', 'T1082', 'T1546.003', 'T1053.005', 'T1543.003', 'T1027', 'T1021.002'}"
Bouncing Golf (G0097)      ,0/1         ,Counter()                                                                                                                                                                                                                                         ,set()
Cleaver (G0003)            ,1/5         ,Counter({'credential-access': 1})                                                                                                                                                                                                                 ,{'T1003.001'}
Cobalt Group (G0080)       ,18/34       ,"Counter({'command-and-control': 5, 'multiple': 4, 'execution': 3, 'discovery': 2, 'defense-evasion': 1, 'initial-access': 1, 'lateral-movement': 1, 'privilege-escalation': 1})"                                                                 ,"{'T1547.001', 'T1021.001', 'T1105', 'T1055', 'T1059.001', 'T1059.005', 'T1059.003', 'T1518.001', 'T1548.002', 'T1053.005', 'T1543.003', 'T1071.004', 'T1219', 'T1572', 'T1071.001', 'T1070.004', 'T1046', 'T1566.001'}"
BRONZE BUTLER (G0060)      ,21/40       ,"Counter({'discovery': 5, 'execution': 3, 'command-and-control': 3, 'defense-evasion': 3, 'collection': 2, 'multiple': 2, 'credential-access': 1, 'initial-access': 1, 'privilege-escalation': 1})"                                               ,"{'T1547.001', 'T1105', 'T1059.001', 'T1007', 'T1087.002', 'T1053.005', 'T1005', 'T1070.004', 'T1566.001', 'T1003.001', 'T1562.001', 'T1548.002', 'T1059.005', 'T1124', 'T1036', 'T1113', 'T1059.003', 'T1132.001', 'T1083', 'T1071.001', 'T1518'}"
CopyKittens (G0052)        ,1/8         ,Counter({'execution': 1})                                                                                                                                                                                                                         ,{'T1059.001'}
Carbanak (G0008)           ,3/9         ,"Counter({'command-and-control': 1, 'defense-evasion': 1, 'multiple': 1})"                                                                                                                                                                        ,"{'T1562.004', 'T1219', 'T1543.003'}"
Dark Caracal (G0070)       ,7/12        ,"Counter({'collection': 2, 'command-and-control': 1, 'defense-evasion': 1, 'discovery': 1, 'execution': 1, 'multiple': 1})"                                                                                                                       ,"{'T1113', 'T1547.001', 'T1059.003', 'T1083', 'T1005', 'T1027', 'T1071.001'}"
Chimera (G0114)            ,34/59       ,"Counter({'discovery': 16, 'execution': 4, 'command-and-control': 4, 'collection': 2, 'defense-evasion': 2, 'lateral-movement': 2, 'multiple': 2, 'credential-access': 1, 'exfiltration': 1})"                                                    ,"{'T1021.001', 'T1135', 'T1119', 'T1059.001', 'T1087.002', 'T1007', 'T1053.005', 'T1201', 'T1106', 'T1057', 'T1572', 'T1133', 'T1070.004', 'T1041', 'T1082', 'T1069.001', 'T1074.001', 'T1033', 'T1021.002', 'T1087.001', 'T1482', 'T1070.001', 'T1003.003', 'T1016', 'T1124', 'T1047', 'T1012', 'T1059.003', 'T1049', 'T1071.004', 'T1083', 'T1046', 'T1071.001', 'T1105'}"
Confucius (G0142)          ,11/19       ,"Counter({'execution': 2, 'command-and-control': 2, 'discovery': 2, 'multiple': 2, 'collection': 1, 'exfiltration': 1, 'initial-access': 1})"                                                                                                     ,"{'T1041', 'T1547.001', 'T1105', 'T1059.001', 'T1082', 'T1053.005', 'T1083', 'T1059.005', 'T1071.001', 'T1119', 'T1566.001'}"
DarkVishnya (G0105)        ,5/10        ,"Counter({'discovery': 2, 'execution': 1, 'command-and-control': 1, 'multiple': 1})"                                                                                                                                                              ,"{'T1135', 'T1059.001', 'T1543.003', 'T1219', 'T1046'}"
CURIUM (G1012)             ,1/4         ,Counter({'collection': 1})                                                                                                                                                                                                                        ,{'T1005'}
Darkhotel (G0012)          ,13/24       ,"Counter({'discovery': 6, 'multiple': 3, 'command-and-control': 1, 'defense-evasion': 1, 'execution': 1, 'initial-access': 1})"                                                                                                                   ,"{'T1547.001', 'T1056.001', 'T1105', 'T1059.003', 'T1082', 'T1124', 'T1518.001', 'T1083', 'T1016', 'T1057', 'T1027', 'T1497.001', 'T1566.001'}"
Earth Lusca (G1006)        ,15/44       ,"Counter({'discovery': 6, 'execution': 3, 'defense-evasion': 2, 'multiple': 2, 'credential-access': 1, 'privilege-escalation': 1})"                                                                                                               ,"{'T1047', 'T1547.012', 'T1003.001', 'T1059.001', 'T1007', 'T1112', 'T1482', 'T1049', 'T1548.002', 'T1543.003', 'T1016', 'T1059.005', 'T1057', 'T1027', 'T1033'}"
DarkHydrus (G0079)         ,3/7         ,"Counter({'execution': 1, 'credential-access': 1, 'initial-access': 1})"                                                                                                                                                                          ,"{'T1059.001', 'T1566.001', 'T1187'}"
Ember Bear (G1003)         ,7/20        ,"Counter({'defense-evasion': 3, 'execution': 2, 'command-and-control': 1, 'initial-access': 1})"                                                                                                                                                  ,"{'T1562.001', 'T1059.001', 'T1112', 'T1059.003', 'T1027', 'T1105', 'T1566.001'}"
Deep Panda (G0009)         ,4/10        ,"Counter({'execution': 2, 'discovery': 1, 'lateral-movement': 1})"                                                                                                                                                                                ,"{'T1059.001', 'T1057', 'T1047', 'T1021.002'}"
Dragonfly (G0035)          ,28/56       ,"Counter({'discovery': 6, 'defense-evasion': 5, 'collection': 4, 'credential-access': 3, 'multiple': 3, 'execution': 2, 'persistence': 2, 'command-and-control': 1, 'initial-access': 1, 'lateral-movement': 1})"                                 ,"{'T1547.001', 'T1021.001', 'T1135', 'T1059.001', 'T1087.002', 'T1112', 'T1053.005', 'T1005', 'T1070.004', 'T1133', 'T1566.001', 'T1098', 'T1560', 'T1136.001', 'T1074.001', 'T1033', 'T1562.004', 'T1070.001', 'T1003.003', 'T1016', 'T1036', 'T1113', 'T1012', 'T1003.002', 'T1059.003', 'T1083', 'T1187', 'T1105'}"
Elderwood (G0066)          ,3/9         ,"Counter({'command-and-control': 1, 'defense-evasion': 1, 'initial-access': 1})"                                                                                                                                                                  ,"{'T1027', 'T1105', 'T1566.001'}"
Ferocious Kitten (G0137)   ,1/6         ,Counter({'initial-access': 1})                                                                                                                                                                                                                    ,{'T1566.001'}
FIN10 (G0051)              ,8/11        ,"Counter({'multiple': 3, 'execution': 2, 'defense-evasion': 1, 'discovery': 1, 'lateral-movement': 1})"                                                                                                                                           ,"{'T1547.001', 'T1078.003', 'T1021.001', 'T1059.001', 'T1059.003', 'T1053.005', 'T1033', 'T1070.004'}"
Equation (G0020)           ,1/4         ,Counter({'discovery': 1})                                                                                                                                                                                                                         ,{'T1120'}
Evilnum (G0120)            ,6/11        ,"Counter({'command-and-control': 2, 'credential-access': 1, 'defense-evasion': 1, 'multiple': 1, 'privilege-escalation': 1})"                                                                                                                     ,"{'T1555', 'T1105', 'T1548.002', 'T1219', 'T1070.004', 'T1497.001'}"
FIN5 (G0053)               ,5/11        ,"Counter({'collection': 2, 'defense-evasion': 2, 'multiple': 1})"                                                                                                                                                                                 ,"{'T1119', 'T1070.001', 'T1074.001', 'T1070.004', 'T1133'}"
EXOTIC LILY (G1011)        ,1/15        ,Counter({'initial-access': 1})                                                                                                                                                                                                                    ,{'T1566.001'}
FIN7 (G0046)               ,16/50       ,"Counter({'execution': 4, 'multiple': 4, 'command-and-control': 3, 'collection': 2, 'discovery': 1, 'initial-access': 1, 'lateral-movement': 1})"                                                                                                 ,"{'T1547.001', 'T1113', 'T1021.001', 'T1047', 'T1219', 'T1105', 'T1059.001', 'T1059.003', 'T1071.004', 'T1543.003', 'T1005', 'T1053.005', 'T1059.005', 'T1033', 'T1546.011', 'T1566.001'}"
FIN13 (G1016)              ,29/53       ,"Counter({'discovery': 7, 'execution': 4, 'command-and-control': 4, 'multiple': 4, 'credential-access': 3, 'collection': 2, 'lateral-movement': 2, 'persistence': 2, 'defense-evasion': 1})"                                                      ,"{'T1547.001', 'T1021.001', 'T1135', 'T1059.001', 'T1087.002', 'T1053.005', 'T1005', 'T1572', 'T1098', 'T1133', 'T1003.001', 'T1136.001', 'T1082', 'T1074.001', 'T1021.002', 'T1003.003', 'T1016', 'T1059.005', 'T1036', 'T1056.001', 'T1047', 'T1003.002', 'T1059.003', 'T1049', 'T1083', 'T1046', 'T1090.001', 'T1071.001', 'T1105'}"
Fox Kitten (G0117)         ,17/41       ,"Counter({'discovery': 5, 'execution': 2, 'command-and-control': 2, 'credential-access': 2, 'lateral-movement': 2, 'collection': 1, 'defense-evasion': 1, 'multiple': 1, 'persistence': 1})"                                                      ,"{'T1087.001', 'T1021.001', 'T1012', 'T1105', 'T1003.001', 'T1059.001', 'T1087.002', 'T1136.001', 'T1059.003', 'T1053.005', 'T1005', 'T1003.003', 'T1083', 'T1046', 'T1027', 'T1572', 'T1021.002'}"
FIN4 (G0085)               ,4/12        ,"Counter({'command-and-control': 1, 'execution': 1, 'initial-access': 1, 'multiple': 1})"                                                                                                                                                         ,"{'T1059.005', 'T1056.001', 'T1071.001', 'T1566.001'}"
FIN6 (G0037)               ,20/40       ,"Counter({'credential-access': 4, 'collection': 3, 'execution': 3, 'defense-evasion': 2, 'discovery': 2, 'multiple': 2, 'exfiltration': 1, 'initial-access': 1, 'lateral-movement': 1, 'command-and-control': 1})"                                ,"{'T1547.001', 'T1021.001', 'T1059.001', 'T1087.002', 'T1053.005', 'T1005', 'T1572', 'T1070.004', 'T1560', 'T1566.001', 'T1003.001', 'T1555', 'T1562.001', 'T1555.003', 'T1048.003', 'T1003.003', 'T1047', 'T1059.003', 'T1046', 'T1119'}"
FIN8 (G0061)               ,19/36       ,"Counter({'discovery': 4, 'execution': 3, 'defense-evasion': 3, 'command-and-control': 2, 'lateral-movement': 2, 'multiple': 2, 'credential-access': 1, 'exfiltration': 1, 'initial-access': 1})"                                                 ,"{'T1021.001', 'T1112', 'T1059.001', 'T1053.005', 'T1070.004', 'T1566.001', 'T1003.001', 'T1082', 'T1033', 'T1021.002', 'T1482', 'T1070.001', 'T1048.003', 'T1047', 'T1059.003', 'T1518.001', 'T1546.003', 'T1071.001', 'T1105'}"
GCMAN (G0036)              ,0/2         ,Counter()                                                                                                                                                                                                                                         ,set()
GOLD SOUTHFIELD (G0115)    ,4/9         ,"Counter({'execution': 1, 'collection': 1, 'command-and-control': 1, 'multiple': 1})"                                                                                                                                                             ,"{'T1219', 'T1113', 'T1059.001', 'T1133'}"
GALLIUM (G0093)            ,16/31       ,"Counter({'execution': 3, 'discovery': 3, 'collection': 2, 'credential-access': 2, 'defense-evasion': 2, 'multiple': 2, 'command-and-control': 1, 'exfiltration': 1})"                                                                            ,"{'T1041', 'T1047', 'T1105', 'T1003.001', 'T1003.002', 'T1059.001', 'T1059.003', 'T1049', 'T1053.005', 'T1005', 'T1074.001', 'T1016', 'T1027', 'T1033', 'T1133', 'T1036.003'}"
Group5 (G0043)             ,4/4         ,"Counter({'defense-evasion': 2, 'collection': 1, 'multiple': 1})"                                                                                                                                                                                 ,"{'T1056.001', 'T1113', 'T1027', 'T1070.004'}"
Gallmaker (G0084)          ,3/6         ,"Counter({'execution': 1, 'defense-evasion': 1, 'initial-access': 1})"                                                                                                                                                                            ,"{'T1059.001', 'T1027', 'T1566.001'}"
HEXANE (G1001)             ,16/35       ,"Counter({'discovery': 8, 'execution': 2, 'credential-access': 2, 'multiple': 2, 'command-and-control': 1, 'lateral-movement': 1})"                                                                                                               ,"{'T1555', 'T1021.001', 'T1056.001', 'T1105', 'T1059.001', 'T1082', 'T1049', 'T1555.003', 'T1069.001', 'T1010', 'T1053.005', 'T1016', 'T1059.005', 'T1057', 'T1033', 'T1518'}"
Gamaredon Group (G0047)    ,25/48       ,"Counter({'execution': 5, 'discovery': 5, 'defense-evasion': 5, 'collection': 3, 'command-and-control': 2, 'multiple': 2, 'exfiltration': 1, 'impact': 1, 'initial-access': 1})"                                                                  ,"{'T1547.001', 'T1105', 'T1059.001', 'T1112', 'T1053.005', 'T1005', 'T1106', 'T1057', 'T1070.004', 'T1566.001', 'T1041', 'T1120', 'T1082', 'T1033', 'T1027', 'T1027.004', 'T1562.001', 'T1059.005', 'T1113', 'T1047', 'T1059.003', 'T1083', 'T1491.001', 'T1071.001', 'T1119'}"
Inception (G0100)          ,12/22       ,"Counter({'discovery': 4, 'execution': 2, 'collection': 1, 'command-and-control': 1, 'credential-access': 1, 'defense-evasion': 1, 'initial-access': 1, 'multiple': 1})"                                                                          ,"{'T1547.001', 'T1059.001', 'T1082', 'T1555.003', 'T1083', 'T1005', 'T1059.005', 'T1057', 'T1027', 'T1071.001', 'T1518', 'T1566.001'}"
Gorgon Group (G0078)       ,12/16       ,"Counter({'execution': 4, 'multiple': 4, 'defense-evasion': 2, 'command-and-control': 1, 'initial-access': 1})"                                                                                                                                   ,"{'T1547.009', 'T1055.002', 'T1547.001', 'T1055.012', 'T1562.001', 'T1059.001', 'T1112', 'T1059.003', 'T1106', 'T1059.005', 'T1105', 'T1566.001'}"
HAFNIUM (G0125)            ,14/31       ,"Counter({'discovery': 4, 'command-and-control': 3, 'execution': 2, 'credential-access': 2, 'collection': 1, 'multiple': 1, 'persistence': 1})"                                                                                                   ,"{'T1078.003', 'T1105', 'T1003.001', 'T1059.001', 'T1059.003', 'T1132.001', 'T1003.003', 'T1005', 'T1016', 'T1083', 'T1057', 'T1033', 'T1071.001', 'T1098'}"
Ke3chang (G0004)           ,26/45       ,"Counter({'discovery': 9, 'multiple': 4, 'collection': 3, 'command-and-control': 3, 'credential-access': 3, 'defense-evasion': 1, 'execution': 1, 'exfiltration': 1, 'lateral-movement': 1})"                                                     ,"{'T1547.001', 'T1119', 'T1007', 'T1087.002', 'T1543.003', 'T1005', 'T1057', 'T1133', 'T1560', 'T1041', 'T1003.001', 'T1082', 'T1027', 'T1033', 'T1021.002', 'T1087.001', 'T1003.003', 'T1016', 'T1056.001', 'T1003.002', 'T1059.003', 'T1049', 'T1071.004', 'T1083', 'T1071.001', 'T1105'}"
Higaisa (G0126)            ,14/26       ,"Counter({'discovery': 4, 'execution': 3, 'command-and-control': 2, 'multiple': 2, 'defense-evasion': 1, 'exfiltration': 1, 'initial-access': 1})"                                                                                                ,"{'T1041', 'T1547.001', 'T1090.001', 'T1059.003', 'T1082', 'T1124', 'T1053.005', 'T1016', 'T1106', 'T1059.005', 'T1057', 'T1027', 'T1071.001', 'T1566.001'}"
IndigoZebra (G0136)        ,2/7         ,"Counter({'command-and-control': 1, 'initial-access': 1})"                                                                                                                                                                                        ,"{'T1105', 'T1566.001'}"
Indrik Spider (G0119)      ,10/21       ,"Counter({'execution': 3, 'defense-evasion': 2, 'collection': 1, 'command-and-control': 1, 'credential-access': 1, 'discovery': 1, 'multiple': 1})"                                                                                               ,"{'T1047', 'T1562.001', 'T1003.001', 'T1484.001', 'T1059.001', 'T1007', 'T1059.003', 'T1070.001', 'T1074.001', 'T1105'}"
LazyScripter (G0140)       ,8/20        ,"Counter({'execution': 3, 'command-and-control': 2, 'defense-evasion': 1, 'initial-access': 1, 'multiple': 1})"                                                                                                                                   ,"{'T1036', 'T1547.001', 'T1059.001', 'T1059.003', 'T1071.004', 'T1059.005', 'T1105', 'T1566.001'}"
Leafminer (G0077)          ,6/17        ,"Counter({'credential-access': 3, 'discovery': 2, 'persistence': 1})"                                                                                                                                                                             ,"{'T1555', 'T1003.001', 'T1136.001', 'T1555.003', 'T1083', 'T1046'}"
Leviathan (G0065)          ,19/44       ,"Counter({'multiple': 6, 'execution': 3, 'collection': 2, 'command-and-control': 2, 'credential-access': 2, 'defense-evasion': 1, 'exfiltration': 1, 'initial-access': 1, 'lateral-movement': 1})"                                                ,"{'T1547.001', 'T1021.001', 'T1059.001', 'T1572', 'T1133', 'T1560', 'T1197', 'T1547.009', 'T1041', 'T1055.001', 'T1566.001', 'T1003.001', 'T1074.001', 'T1027', 'T1003', 'T1059.005', 'T1047', 'T1546.003', 'T1105'}"
Kimsuky (G0094)            ,36/89       ,"Counter({'multiple': 8, 'discovery': 7, 'defense-evasion': 6, 'execution': 3, 'command-and-control': 3, 'collection': 2, 'credential-access': 2, 'persistence': 2, 'exfiltration': 1, 'initial-access': 1, 'lateral-movement': 1})"              ,"{'T1547.001', 'T1078.003', 'T1021.001', 'T1059.001', 'T1112', 'T1007', 'T1543.003', 'T1005', 'T1053.005', 'T1057', 'T1070.004', 'T1098', 'T1133', 'T1041', 'T1566.001', 'T1003.001', 'T1136.001', 'T1082', 'T1074.001', 'T1027', 'T1055.012', 'T1562.001', 'T1562.004', 'T1555.003', 'T1016', 'T1059.005', 'T1036', 'T1056.001', 'T1012', 'T1055', 'T1059.003', 'T1518.001', 'T1083', 'T1219', 'T1071.001', 'T1105'}"
LAPSUS$ (G1004)            ,5/43        ,"Counter({'credential-access': 2, 'collection': 1, 'discovery': 1, 'multiple': 1})"                                                                                                                                                               ,"{'T1087.002', 'T1555.003', 'T1003.003', 'T1005', 'T1133'}"
Lazarus Group (G0032)      ,46/117      ,"Counter({'discovery': 11, 'defense-evasion': 8, 'multiple': 8, 'execution': 5, 'command-and-control': 4, 'collection': 3, 'exfiltration': 2, 'lateral-movement': 2, 'impact': 1, 'initial-access': 1, 'persistence': 1})"                        ,"{'T1547.001', 'T1021.001', 'T1059.001', 'T1087.002', 'T1543.003', 'T1005', 'T1106', 'T1053.005', 'T1057', 'T1070.004', 'T1497.001', 'T1098', 'T1547.009', 'T1041', 'T1055.001', 'T1560', 'T1036.003', 'T1218', 'T1566.001', 'T1082', 'T1134.002', 'T1070.003', 'T1074.001', 'T1033', 'T1027', 'T1021.002', 'T1562.001', 'T1070', 'T1562.004', 'T1048.003', 'T1016', 'T1059.005', 'T1124', 'T1056.001', 'T1047', 'T1012', 'T1059.003', 'T1491.001', 'T1049', 'T1010', 'T1132.001', 'T1083', 'T1046', 'T1090.001', 'T1071.001', 'T1105'}"
LuminousMoth (G1014)       ,10/28       ,"Counter({'collection': 2, 'command-and-control': 2, 'discovery': 2, 'multiple': 2, 'defense-evasion': 1, 'exfiltration': 1})"                                                                                                                    ,"{'T1041', 'T1547.001', 'T1105', 'T1112', 'T1053.005', 'T1005', 'T1083', 'T1033', 'T1071.001', 'T1560'}"
Machete (G0095)            ,4/11        ,"Counter({'execution': 2, 'initial-access': 1, 'multiple': 1})"                                                                                                                                                                                   ,"{'T1059.005', 'T1053.005', 'T1059.003', 'T1566.001'}"
Magic Hound (G0059)        ,31/78       ,"Counter({'discovery': 8, 'defense-evasion': 7, 'execution': 4, 'command-and-control': 3, 'multiple': 3, 'collection': 2, 'persistence': 2, 'credential-access': 1, 'lateral-movement': 1})"                                                      ,"{'T1547.001', 'T1021.001', 'T1059.001', 'T1112', 'T1053.005', 'T1005', 'T1057', 'T1572', 'T1070.004', 'T1098', 'T1562.002', 'T1003.001', 'T1136.001', 'T1082', 'T1070.003', 'T1033', 'T1027', 'T1562.001', 'T1562.004', 'T1482', 'T1016', 'T1059.005', 'T1113', 'T1056.001', 'T1047', 'T1059.003', 'T1049', 'T1083', 'T1046', 'T1071.001', 'T1105'}"
menuPass (G0045)           ,26/47       ,"Counter({'defense-evasion': 5, 'discovery': 5, 'collection': 4, 'execution': 4, 'multiple': 3, 'credential-access': 2, 'command-and-control': 1, 'initial-access': 1, 'lateral-movement': 1})"                                                   ,"{'T1021.001', 'T1119', 'T1059.001', 'T1087.002', 'T1053.005', 'T1005', 'T1106', 'T1070.004', 'T1036.003', 'T1566.001', 'T1560', 'T1070.003', 'T1074.001', 'T1027', 'T1055.012', 'T1003.003', 'T1016', 'T1036', 'T1056.001', 'T1047', 'T1003.002', 'T1059.003', 'T1049', 'T1083', 'T1046', 'T1105'}"
Molerats (G0021)           ,9/16        ,"Counter({'execution': 2, 'multiple': 2, 'discovery': 1, 'command-and-control': 1, 'credential-access': 1, 'defense-evasion': 1, 'initial-access': 1})"                                                                                           ,"{'T1547.001', 'T1059.001', 'T1555.003', 'T1053.005', 'T1059.005', 'T1057', 'T1027', 'T1105', 'T1566.001'}"
Moses Staff (G1009)        ,7/12        ,"Counter({'discovery': 3, 'defense-evasion': 2, 'command-and-control': 1, 'lateral-movement': 1})"                                                                                                                                                ,"{'T1087.001', 'T1105', 'T1082', 'T1562.004', 'T1016', 'T1027', 'T1021.002'}"
Metador (G1013)            ,6/9         ,"Counter({'command-and-control': 2, 'defense-evasion': 2, 'execution': 1, 'multiple': 1})"                                                                                                                                                        ,"{'T1059.003', 'T1546.003', 'T1027', 'T1071.001', 'T1070.004', 'T1105'}"
Moafee (G0002)             ,0/1         ,Counter()                                                                                                                                                                                                                                         ,set()
Mustang Panda (G0129)      ,22/44       ,"Counter({'discovery': 6, 'execution': 4, 'command-and-control': 3, 'multiple': 3, 'collection': 2, 'defense-evasion': 2, 'credential-access': 1, 'initial-access': 1})"                                                                          ,"{'T1547.001', 'T1105', 'T1119', 'T1059.001', 'T1053.005', 'T1057', 'T1070.004', 'T1566.001', 'T1082', 'T1074.001', 'T1027', 'T1003.003', 'T1016', 'T1059.005', 'T1047', 'T1059.003', 'T1049', 'T1546.003', 'T1083', 'T1219', 'T1071.001', 'T1518'}"
Mofang (G0103)             ,2/5         ,"Counter({'defense-evasion': 1, 'initial-access': 1})"                                                                                                                                                                                            ,"{'T1027', 'T1566.001'}"
MoustachedBouncer (G1019)  ,2/8         ,"Counter({'execution': 1, 'collection': 1})"                                                                                                                                                                                                      ,"{'T1113', 'T1059.001'}"
MuddyWater (G0069)         ,29/59       ,"Counter({'discovery': 9, 'execution': 4, 'command-and-control': 4, 'credential-access': 3, 'collection': 2, 'defense-evasion': 2, 'multiple': 2, 'exfiltration': 1, 'initial-access': 1, 'privilege-escalation': 1})"                            ,"{'T1547.001', 'T1105', 'T1059.001', 'T1087.002', 'T1053.005', 'T1057', 'T1566.001', 'T1041', 'T1003.001', 'T1082', 'T1074.001', 'T1033', 'T1027.004', 'T1555', 'T1562.001', 'T1555.003', 'T1548.002', 'T1016', 'T1059.005', 'T1113', 'T1047', 'T1059.003', 'T1518.001', 'T1049', 'T1132.001', 'T1083', 'T1219', 'T1071.001', 'T1518'}"
Orangeworm (G0071)         ,2/2         ,"Counter({'command-and-control': 1, 'lateral-movement': 1})"                                                                                                                                                                                      ,"{'T1071.001', 'T1021.002'}"
Naikon (G0019)             ,7/14        ,"Counter({'discovery': 3, 'multiple': 2, 'execution': 1, 'initial-access': 1})"                                                                                                                                                                   ,"{'T1547.001', 'T1047', 'T1518.001', 'T1053.005', 'T1016', 'T1046', 'T1566.001'}"
Nomadic Octopus (G0133)    ,5/7         ,"Counter({'execution': 2, 'command-and-control': 1, 'defense-evasion': 1, 'initial-access': 1})"                                                                                                                                                  ,"{'T1036', 'T1059.001', 'T1059.003', 'T1105', 'T1566.001'}"
PLATINUM (G0068)           ,6/11        ,"Counter({'multiple': 2, 'command-and-control': 1, 'credential-access': 1, 'defense-evasion': 1, 'initial-access': 1})"                                                                                                                           ,"{'T1036', 'T1056.001', 'T1003.001', 'T1055', 'T1105', 'T1566.001'}"
POLONIUM (G1005)           ,0/7         ,Counter()                                                                                                                                                                                                                                         ,set()
OilRig (G0049)             ,37/56       ,"Counter({'discovery': 13, 'execution': 4, 'command-and-control': 4, 'credential-access': 4, 'multiple': 4, 'defense-evasion': 3, 'collection': 2, 'exfiltration': 1, 'initial-access': 1, 'lateral-movement': 1})"                               ,"{'T1021.001', 'T1119', 'T1059.001', 'T1007', 'T1087.002', 'T1555.004', 'T1053.005', 'T1201', 'T1057', 'T1572', 'T1497.001', 'T1133', 'T1070.004', 'T1566.001', 'T1003.001', 'T1120', 'T1082', 'T1069.001', 'T1027', 'T1033', 'T1087.001', 'T1555', 'T1555.003', 'T1048.003', 'T1016', 'T1059.005', 'T1036', 'T1113', 'T1056.001', 'T1047', 'T1012', 'T1059.003', 'T1049', 'T1071.004', 'T1046', 'T1071.001', 'T1105'}"
Patchwork (G0040)          ,23/40       ,"Counter({'collection': 4, 'discovery': 4, 'multiple': 4, 'execution': 3, 'command-and-control': 2, 'defense-evasion': 2, 'credential-access': 1, 'initial-access': 1, 'lateral-movement': 1, 'privilege-escalation': 1})"                        ,"{'T1547.001', 'T1021.001', 'T1105', 'T1112', 'T1059.001', 'T1053.005', 'T1005', 'T1070.004', 'T1560', 'T1566.001', 'T1197', 'T1082', 'T1074.001', 'T1033', 'T1055.012', 'T1555.003', 'T1548.002', 'T1059.005', 'T1059.003', 'T1518.001', 'T1132.001', 'T1083', 'T1119'}"
PittyTiger (G0011)         ,0/2         ,Counter()                                                                                                                                                                                                                                         ,set()
Poseidon Group (G0033)     ,7/8         ,"Counter({'discovery': 5, 'execution': 1, 'credential-access': 1})"                                                                                                                                                                               ,"{'T1087.001', 'T1003', 'T1059.001', 'T1007', 'T1087.002', 'T1049', 'T1057'}"
Putter Panda (G0024)       ,4/4         ,"Counter({'defense-evasion': 2, 'multiple': 2})"                                                                                                                                                                                                  ,"{'T1055.001', 'T1547.001', 'T1027', 'T1562.001'}"
RTM (G0048)                ,3/7         ,"Counter({'command-and-control': 1, 'initial-access': 1, 'multiple': 1})"                                                                                                                                                                         ,"{'T1219', 'T1547.001', 'T1566.001'}"
PROMETHIUM (G0056)         ,3/11        ,Counter({'multiple': 3})                                                                                                                                                                                                                          ,"{'T1547.001', 'T1078.003', 'T1543.003'}"
Rancor (G0075)             ,6/8         ,"Counter({'command-and-control': 2, 'execution': 2, 'initial-access': 1, 'multiple': 1})"                                                                                                                                                         ,"{'T1059.003', 'T1053.005', 'T1059.005', 'T1071.001', 'T1105', 'T1566.001'}"
SideCopy (G1008)           ,8/16        ,"Counter({'discovery': 4, 'execution': 2, 'command-and-control': 1, 'initial-access': 1})"                                                                                                                                                        ,"{'T1105', 'T1082', 'T1518.001', 'T1016', 'T1106', 'T1059.005', 'T1518', 'T1566.001'}"
Scarlet Mimic (G0029)      ,0/1         ,Counter()                                                                                                                                                                                                                                         ,set()
Rocke (G0106)              ,15/36       ,"Counter({'defense-evasion': 5, 'discovery': 4, 'command-and-control': 2, 'multiple': 2, 'credential-access': 1, 'impact': 1})"                                                                                                                   ,"{'T1055.002', 'T1547.001', 'T1027.004', 'T1562.001', 'T1105', 'T1496', 'T1082', 'T1518.001', 'T1562.004', 'T1046', 'T1057', 'T1027', 'T1071.001', 'T1070.004', 'T1552.004'}"
Scattered Spider (G1015)   ,6/31        ,"Counter({'command-and-control': 3, 'execution': 1, 'discovery': 1, 'multiple': 1})"                                                                                                                                                              ,"{'T1047', 'T1105', 'T1219', 'T1572', 'T1133', 'T1046'}"
Sidewinder (G0121)         ,17/30       ,"Counter({'discovery': 8, 'execution': 2, 'collection': 2, 'command-and-control': 2, 'defense-evasion': 1, 'initial-access': 1, 'multiple': 1})"                                                                                                  ,"{'T1547.001', 'T1105', 'T1518', 'T1059.001', 'T1082', 'T1124', 'T1518.001', 'T1074.001', 'T1016', 'T1083', 'T1059.005', 'T1057', 'T1027', 'T1071.001', 'T1033', 'T1119', 'T1566.001'}"
Silence (G0091)            ,14/28       ,"Counter({'execution': 4, 'multiple': 3, 'defense-evasion': 2, 'collection': 1, 'command-and-control': 1, 'credential-access': 1, 'initial-access': 1, 'lateral-movement': 1})"                                                                   ,"{'T1547.001', 'T1113', 'T1021.001', 'T1003.001', 'T1055', 'T1112', 'T1059.001', 'T1059.003', 'T1053.005', 'T1106', 'T1059.005', 'T1070.004', 'T1105', 'T1566.001'}"
Silent Librarian (G0122)   ,0/13        ,Counter()                                                                                                                                                                                                                                         ,set()
SilverTerrier (G0083)      ,1/4         ,Counter({'command-and-control': 1})                                                                                                                                                                                                               ,{'T1071.001'}
Suckfly (G0039)            ,3/5         ,"Counter({'credential-access': 1, 'discovery': 1, 'execution': 1})"                                                                                                                                                                               ,"{'T1059.003', 'T1003', 'T1046'}"
Sowbug (G0054)             ,6/9         ,"Counter({'discovery': 3, 'credential-access': 1, 'execution': 1, 'multiple': 1})"                                                                                                                                                                ,"{'T1056.001', 'T1003', 'T1135', 'T1059.003', 'T1082', 'T1083'}"
Stealth Falcon (G0038)     ,14/16       ,"Counter({'discovery': 5, 'credential-access': 3, 'execution': 2, 'collection': 1, 'command-and-control': 1, 'exfiltration': 1, 'multiple': 1})"                                                                                                  ,"{'T1041', 'T1555', 'T1047', 'T1012', 'T1059.001', 'T1082', 'T1555.003', 'T1555.004', 'T1005', 'T1053.005', 'T1016', 'T1057', 'T1033', 'T1071.001'}"
Strider (G0041)            ,2/3         ,"Counter({'command-and-control': 1, 'multiple': 1})"                                                                                                                                                                                              ,"{'T1556.002', 'T1090.001'}"
TA2541 (G1018)             ,13/27       ,"Counter({'multiple': 4, 'execution': 3, 'defense-evasion': 2, 'discovery': 2, 'command-and-control': 1, 'initial-access': 1})"                                                                                                                   ,"{'T1547.001', 'T1047', 'T1055.012', 'T1562.001', 'T1055', 'T1059.001', 'T1082', 'T1518.001', 'T1053.005', 'T1059.005', 'T1027', 'T1105', 'T1566.001'}"
TA459 (G0062)              ,3/5         ,"Counter({'execution': 2, 'initial-access': 1})"                                                                                                                                                                                                  ,"{'T1059.005', 'T1059.001', 'T1566.001'}"
TA505 (G0092)              ,13/34       ,"Counter({'execution': 4, 'defense-evasion': 4, 'command-and-control': 2, 'credential-access': 1, 'multiple': 1, 'initial-access': 1})"                                                                                                           ,"{'T1055.001', 'T1562.001', 'T1553.005', 'T1059.001', 'T1112', 'T1059.003', 'T1555.003', 'T1106', 'T1059.005', 'T1027', 'T1071.001', 'T1105', 'T1566.001'}"
TA551 (G0127)              ,6/14        ,"Counter({'command-and-control': 3, 'defense-evasion': 1, 'execution': 1, 'initial-access': 1})"                                                                                                                                                  ,"{'T1036', 'T1059.003', 'T1132.001', 'T1071.001', 'T1105', 'T1566.001'}"
TeamTNT (G0139)            ,27/54       ,"Counter({'discovery': 9, 'defense-evasion': 6, 'command-and-control': 3, 'multiple': 3, 'execution': 2, 'collection': 1, 'credential-access': 1, 'impact': 1, 'persistence': 1})"                                                                ,"{'T1547.001', 'T1105', 'T1059.001', 'T1007', 'T1543.003', 'T1057', 'T1070.004', 'T1133', 'T1136.001', 'T1120', 'T1082', 'T1070.003', 'T1074.001', 'T1027', 'T1562.001', 'T1562.004', 'T1016', 'T1036', 'T1496', 'T1059.003', 'T1518.001', 'T1049', 'T1083', 'T1219', 'T1071.001', 'T1046', 'T1552.004'}"
TEMP.Veles (G0088)         ,8/17        ,"Counter({'multiple': 3, 'execution': 1, 'collection': 1, 'credential-access': 1, 'defense-evasion': 1, 'lateral-movement': 1})"                                                                                                                  ,"{'T1021.001', 'T1003.001', 'T1059.001', 'T1074.001', 'T1053.005', 'T1546.012', 'T1070.004', 'T1133'}"
The White Company (G0089)  ,4/7         ,"Counter({'discovery': 2, 'defense-evasion': 1, 'initial-access': 1})"                                                                                                                                                                            ,"{'T1124', 'T1566.001', 'T1070.004', 'T1518.001'}"
Threat Group-1314 (G0028)  ,2/4         ,"Counter({'execution': 1, 'lateral-movement': 1})"                                                                                                                                                                                                ,"{'T1059.003', 'T1021.002'}"
Thrip (G0076)              ,3/4         ,"Counter({'execution': 1, 'command-and-control': 1, 'exfiltration': 1})"                                                                                                                                                                          ,"{'T1059.001', 'T1219', 'T1048.003'}"
Threat Group-3390 (G0027)  ,27/57       ,"Counter({'discovery': 6, 'multiple': 5, 'defense-evasion': 4, 'collection': 3, 'execution': 3, 'command-and-control': 2, 'credential-access': 2, 'initial-access': 1, 'privilege-escalation': 1})"                                               ,"{'T1547.001', 'T1119', 'T1059.001', 'T1112', 'T1543.003', 'T1005', 'T1070.004', 'T1133', 'T1566.001', 'T1562.002', 'T1003.001', 'T1074.001', 'T1033', 'T1027', 'T1087.001', 'T1055.012', 'T1548.002', 'T1016', 'T1056.001', 'T1047', 'T1012', 'T1003.002', 'T1059.003', 'T1049', 'T1046', 'T1071.001', 'T1105'}"
Tonto Team (G0131)         ,7/15        ,"Counter({'discovery': 2, 'execution': 1, 'command-and-control': 1, 'credential-access': 1, 'initial-access': 1, 'multiple': 1})"                                                                                                                 ,"{'T1056.001', 'T1003', 'T1135', 'T1059.001', 'T1069.001', 'T1105', 'T1566.001'}"
Turla (G0010)              ,33/66       ,"Counter({'discovery': 14, 'multiple': 7, 'execution': 4, 'command-and-control': 3, 'defense-evasion': 2, 'collection': 1, 'credential-access': 1, 'lateral-movement': 1})"                                                                       ,"{'T1547.001', 'T1078.003', 'T1059.001', 'T1112', 'T1087.002', 'T1007', 'T1555.004', 'T1005', 'T1201', 'T1106', 'T1057', 'T1055.001', 'T1120', 'T1082', 'T1134.002', 'T1069.001', 'T1021.002', 'T1087.001', 'T1562.001', 'T1016', 'T1059.005', 'T1124', 'T1012', 'T1055', 'T1059.003', 'T1518.001', 'T1049', 'T1546.003', 'T1547.004', 'T1083', 'T1090.001', 'T1071.001', 'T1105'}"
Transparent Tribe (G0134)  ,3/16        ,"Counter({'defense-evasion': 1, 'execution': 1, 'initial-access': 1})"                                                                                                                                                                            ,"{'T1059.005', 'T1027', 'T1566.001'}"
Volatile Cedar (G0123)     ,1/5         ,Counter({'command-and-control': 1})                                                                                                                                                                                                               ,{'T1105'}
Tropic Trooper (G0081)     ,25/39       ,"Counter({'discovery': 10, 'multiple': 5, 'command-and-control': 4, 'defense-evasion': 2, 'execution': 2, 'collection': 1, 'initial-access': 1})"                                                                                                 ,"{'T1547.001', 'T1078.003', 'T1105', 'T1135', 'T1119', 'T1543.003', 'T1106', 'T1057', 'T1070.004', 'T1566.001', 'T1055.001', 'T1082', 'T1033', 'T1027', 'T1016', 'T1059.003', 'T1518.001', 'T1049', 'T1132.001', 'T1071.004', 'T1547.004', 'T1083', 'T1046', 'T1071.001', 'T1518'}"
Windigo (G0124)            ,4/7         ,"Counter({'discovery': 3, 'collection': 1})"                                                                                                                                                                                                      ,"{'T1518', 'T1005', 'T1083', 'T1082'}"
Whitefly (G0107)           ,3/9         ,"Counter({'command-and-control': 1, 'credential-access': 1, 'defense-evasion': 1})"                                                                                                                                                               ,"{'T1003.001', 'T1027', 'T1105'}"
Winnti Group (G0044)       ,3/6         ,"Counter({'discovery': 2, 'command-and-control': 1})"                                                                                                                                                                                             ,"{'T1057', 'T1083', 'T1105'}"
Windshift (G0112)          ,13/19       ,"Counter({'discovery': 5, 'execution': 2, 'command-and-control': 2, 'defense-evasion': 2, 'initial-access': 1, 'multiple': 1})"                                                                                                                   ,"{'T1036', 'T1547.001', 'T1047', 'T1518', 'T1082', 'T1518.001', 'T1059.005', 'T1057', 'T1027', 'T1071.001', 'T1033', 'T1105', 'T1566.001'}"
Wizard Spider (G0102)      ,36/64       ,"Counter({'multiple': 8, 'discovery': 7, 'credential-access': 4, 'execution': 3, 'defense-evasion': 3, 'collection': 2, 'command-and-control': 2, 'exfiltration': 2, 'lateral-movement': 2, 'impact': 1, 'initial-access': 1, 'persistence': 1})" ,"{'T1547.001', 'T1021.001', 'T1105', 'T1135', 'T1059.001', 'T1087.002', 'T1112', 'T1543.003', 'T1555.004', 'T1005', 'T1053.005', 'T1070.004', 'T1133', 'T1566.001', 'T1197', 'T1041', 'T1055.001', 'T1003.001', 'T1136.001', 'T1082', 'T1074.001', 'T1033', 'T1021.002', 'T1562.001', 'T1490', 'T1048.003', 'T1003.003', 'T1016', 'T1047', 'T1003.002', 'T1055', 'T1059.003', 'T1518.001', 'T1547.004', 'T1071.001', 'T1518'}"
Volt Typhoon (G1017)       ,20/37       ,"Counter({'discovery': 9, 'execution': 3, 'credential-access': 3, 'collection': 2, 'command-and-control': 1, 'defense-evasion': 1, 'multiple': 1})"                                                                                               ,"{'T1059.001', 'T1087.002', 'T1005', 'T1057', 'T1070.004', 'T1497.001', 'T1003.001', 'T1082', 'T1069.001', 'T1074.001', 'T1033', 'T1555', 'T1003.003', 'T1016', 'T1047', 'T1012', 'T1059.003', 'T1049', 'T1090.001', 'T1518'}"
WIRTE (G0090)              ,5/11        ,"Counter({'execution': 2, 'command-and-control': 2, 'initial-access': 1})"                                                                                                                                                                        ,"{'T1059.001', 'T1059.005', 'T1071.001', 'T1105', 'T1566.001'}"
ZIRCONIUM (G0128)          ,11/26       ,"Counter({'discovery': 5, 'command-and-control': 1, 'credential-access': 1, 'defense-evasion': 1, 'execution': 1, 'exfiltration': 1, 'multiple': 1})"                                                                                             ,"{'T1041', 'T1036', 'T1547.001', 'T1012', 'T1059.003', 'T1082', 'T1124', 'T1555.003', 'T1016', 'T1033', 'T1105'}"
